{
  "Arsenal": {
    "matches": 16,
    "xg_total": 26.5,
    "npxg_total": 24.9,
    "npxg_per_game": 1.55625,
    "xg_per_game": 1.65625,
    "shots_total": 231.0,
    "shots_on_target": 78.0,
    "shot_accuracy": 33.76623376623377,
    "xg_per_shot": 0.10779220779220779,
    "shots_per_game": 15.4,
    "corners_total": 1.7999999999999998,
    "corners_per_game": 0.11999999999999998
  },
  "Aston Villa": {
    "matches": 15,
    "xg_total": 16.0,
    "npxg_total": 16.0,
    "npxg_per_game": 1.0666666666666667,
    "xg_per_game": 1.0666666666666667,
    "shots_total": 178.0,
    "shots_on_target": 63.0,
    "shot_accuracy": 35.39325842696629,
    "xg_per_shot": 0.0898876404494382,
    "shots_per_game": 11.866666666666667,
    "corners_total": 2.4,
    "corners_per_game": 0.16
  },
  "Bournemouth": {
    "matches": 15,
    "xg_total": 20.8,
    "npxg_total": 18.4,
    "npxg_per_game": 1.2266666666666666,
    "xg_per_game": 1.3866666666666667,
    "shots_total": 193.0,
    "shots_on_target": 69.0,
    "shot_accuracy": 35.751295336787564,
    "xg_per_shot": 0.09533678756476684,
    "shots_per_game": 12.866666666666667,
    "corners_total": 1.2,
    "corners_per_game": 0.08
  },
  "Brentford": {
    "matches": 15,
    "xg_total": 21.8,
    "npxg_total": 16.3,
    "npxg_per_game": 1.0866666666666667,
    "xg_per_game": 1.4533333333333334,
    "shots_total": 144.0,
    "shots_on_target": 51.0,
    "shot_accuracy": 35.41666666666667,
    "xg_per_shot": 0.11319444444444444,
    "shots_per_game": 9.6,
    "corners_total": 2.4,
    "corners_per_game": 0.16
  },
  "Brighton": {
    "matches": 16,
    "xg_total": 25.4,
    "npxg_total": 23.1,
    "npxg_per_game": 1.44375,
    "xg_per_game": 1.5875,
    "shots_total": 213.0,
    "shots_on_target": 68.0,
    "shot_accuracy": 31.92488262910798,
    "xg_per_shot": 0.10845070422535212,
    "shots_per_game": 14.2,
    "corners_total": 0.6,
    "corners_per_game": 0.04
  },
  "Burnley": {
    "matches": 16,
    "xg_total": 14.5,
    "npxg_total": 12.9,
    "npxg_per_game": 0.80625,
    "xg_per_game": 0.90625,
    "shots_total": 138.0,
    "shots_on_target": 51.0,
    "shot_accuracy": 36.95652173913043,
    "xg_per_shot": 0.09347826086956522,
    "shots_per_game": 9.2,
    "corners_total": 0.6,
    "corners_per_game": 0.04
  },
  "Chelsea": {
    "matches": 16,
    "xg_total": 26.9,
    "npxg_total": 26.1,
    "npxg_per_game": 1.63125,
    "xg_per_game": 1.68125,
    "shots_total": 225.0,
    "shots_on_target": 80.0,
    "shot_accuracy": 35.55555555555556,
    "xg_per_shot": 0.116,
    "shots_per_game": 15.0,
    "corners_total": 3.0,
    "corners_per_game": 0.2
  },
  "Crystal Palace": {
    "matches": 15,
    "xg_total": 24.3,
    "npxg_total": 22.0,
    "npxg_per_game": 1.4666666666666666,
    "xg_per_game": 1.62,
    "shots_total": 170.0,
    "shots_on_target": 59.0,
    "shot_accuracy": 34.705882352941174,
    "xg_per_shot": 0.12941176470588237,
    "shots_per_game": 11.333333333333334,
    "corners_total": 1.7999999999999998,
    "corners_per_game": 0.11999999999999998
  },
  "Everton": {
    "matches": 16,
    "xg_total": 19.5,
    "npxg_total": 18.8,
    "npxg_per_game": 1.175,
    "xg_per_game": 1.21875,
    "shots_total": 169.0,
    "shots_on_target": 47.0,
    "shot_accuracy": 27.810650887573964,
    "xg_per_shot": 0.11124260355029586,
    "shots_per_game": 11.266666666666667,
    "corners_total": 0.6,
    "corners_per_game": 0.04
  },
  "Fulham": {
    "matches": 16,
    "xg_total": 16.9,
    "npxg_total": 16.9,
    "npxg_per_game": 1.05625,
    "xg_per_game": 1.05625,
    "shots_total": 182.0,
    "shots_on_target": 55.0,
    "shot_accuracy": 30.21978021978022,
    "xg_per_shot": 0.09285714285714285,
    "shots_per_game": 12.133333333333333,
    "corners_total": 1.2,
    "corners_per_game": 0.08
  },
  "Leeds United": {
    "matches": 15,
    "xg_total": 19.8,
    "npxg_total": 17.3,
    "npxg_per_game": 1.1533333333333333,
    "xg_per_game": 1.32,
    "shots_total": 181.0,
    "shots_on_target": 52.0,
    "shot_accuracy": 28.7292817679558,
    "xg_per_shot": 0.09558011049723757,
    "shots_per_game": 12.066666666666666,
    "corners_total": 1.7999999999999998,
    "corners_per_game": 0.11999999999999998
  },
  "Liverpool": {
    "matches": 16,
    "xg_total": 25.9,
    "npxg_total": 25.2,
    "npxg_per_game": 1.575,
    "xg_per_game": 1.61875,
    "shots_total": 249.0,
    "shots_on_target": 68.0,
    "shot_accuracy": 27.309236947791167,
    "xg_per_shot": 0.10120481927710843,
    "shots_per_game": 16.6,
    "corners_total": 0.6,
    "corners_per_game": 0.04
  },
  "Man City": {
    "matches": 15,
    "xg_total": 29.1,
    "npxg_total": 28.3,
    "npxg_per_game": 1.8866666666666667,
    "xg_per_game": 1.9400000000000002,
    "shots_total": 215.0,
    "shots_on_target": 76.0,
    "shot_accuracy": 35.348837209302324,
    "xg_per_shot": 0.1316279069767442,
    "shots_per_game": 14.333333333333334,
    "corners_total": 0.6,
    "corners_per_game": 0.04
  },
  "Man United": {
    "matches": 15,
    "xg_total": 26.8,
    "npxg_total": 23.8,
    "npxg_per_game": 1.5866666666666667,
    "xg_per_game": 1.7866666666666666,
    "shots_total": 237.0,
    "shots_on_target": 75.0,
    "shot_accuracy": 31.645569620253166,
    "xg_per_shot": 0.10042194092827005,
    "shots_per_game": 15.8,
    "corners_total": 3.0,
    "corners_per_game": 0.2
  },
  "Newcastle": {
    "matches": 15,
    "xg_total": 20.6,
    "npxg_total": 18.3,
    "npxg_per_game": 1.22,
    "xg_per_game": 1.3733333333333335,
    "shots_total": 186.0,
    "shots_on_target": 62.0,
    "shot_accuracy": 33.33333333333333,
    "xg_per_shot": 0.09838709677419355,
    "shots_per_game": 12.4,
    "corners_total": 0.6,
    "corners_per_game": 0.04
  },
  "Nott'm Forest": {
    "matches": 15,
    "xg_total": 17.2,
    "npxg_total": 16.4,
    "npxg_per_game": 1.0933333333333333,
    "xg_per_game": 1.1466666666666667,
    "shots_total": 181.0,
    "shots_on_target": 57.0,
    "shot_accuracy": 31.491712707182316,
    "xg_per_shot": 0.09060773480662983,
    "shots_per_game": 12.066666666666666,
    "corners_total": 0.0,
    "corners_per_game": 0.0
  },
  "Sunderland": {
    "matches": 15,
    "xg_total": 13.1,
    "npxg_total": 11.5,
    "npxg_per_game": 0.7666666666666667,
    "xg_per_game": 0.8733333333333333,
    "shots_total": 142.0,
    "shots_on_target": 42.0,
    "shot_accuracy": 29.577464788732392,
    "xg_per_shot": 0.08098591549295775,
    "shots_per_game": 9.466666666666667,
    "corners_total": 1.7999999999999998,
    "corners_per_game": 0.11999999999999998
  },
  "Tottenham": {
    "matches": 15,
    "xg_total": 14.8,
    "npxg_total": 14.8,
    "npxg_per_game": 0.9866666666666667,
    "xg_per_game": 0.9866666666666667,
    "shots_total": 147.0,
    "shots_on_target": 50.0,
    "shot_accuracy": 34.01360544217687,
    "xg_per_shot": 0.10068027210884355,
    "shots_per_game": 9.8,
    "corners_total": 1.7999999999999998,
    "corners_per_game": 0.11999999999999998
  },
  "West Ham": {
    "matches": 15,
    "xg_total": 15.3,
    "npxg_total": 14.5,
    "npxg_per_game": 0.9666666666666667,
    "xg_per_game": 1.02,
    "shots_total": 151.0,
    "shots_on_target": 52.0,
    "shot_accuracy": 34.437086092715234,
    "xg_per_shot": 0.09602649006622517,
    "shots_per_game": 10.066666666666666,
    "corners_total": 1.2,
    "corners_per_game": 0.08
  },
  "Wolves": {
    "matches": 16,
    "xg_total": 13.6,
    "npxg_total": 12.8,
    "npxg_per_game": 0.8,
    "xg_per_game": 0.85,
    "shots_total": 137.0,
    "shots_on_target": 44.0,
    "shot_accuracy": 32.11678832116788,
    "xg_per_shot": 0.09343065693430658,
    "shots_per_game": 9.133333333333333,
    "corners_total": 0.0,
    "corners_per_game": 0.0
  }
}