{
  "Arsenal": {
    "matches": 38,
    "xg_total": 71.6,
    "npxg_total": 68.9,
    "npxg_per_game": 1.8131578947368423,
    "xg_per_game": 1.8842105263157893,
    "shots_total": 589.0,
    "shots_on_target": 194.0,
    "shot_accuracy": 32.93718166383701,
    "xg_per_shot": 0.1169779286926995,
    "shots_per_game": 39.266666666666666,
    "corners_total": 3.5999999999999996,
    "corners_per_game": 0.23999999999999996
  },
  "Aston Villa": {
    "matches": 38,
    "xg_total": 50.3,
    "npxg_total": 47.2,
    "npxg_per_game": 1.2421052631578948,
    "xg_per_game": 1.3236842105263158,
    "shots_total": 427.0,
    "shots_on_target": 145.0,
    "shot_accuracy": 33.957845433255265,
    "xg_per_shot": 0.11053864168618267,
    "shots_per_game": 28.466666666666665,
    "corners_total": 1.2,
    "corners_per_game": 0.08
  },
  "Bournemouth": {
    "matches": 38,
    "xg_total": 38.5,
    "npxg_total": 38.5,
    "npxg_per_game": 1.013157894736842,
    "xg_per_game": 1.013157894736842,
    "shots_total": 358.0,
    "shots_on_target": 126.0,
    "shot_accuracy": 35.19553072625698,
    "xg_per_shot": 0.10754189944134078,
    "shots_per_game": 23.866666666666667,
    "corners_total": 3.0,
    "corners_per_game": 0.2
  },
  "Brentford": {
    "matches": 38,
    "xg_total": 56.3,
    "npxg_total": 50.1,
    "npxg_per_game": 1.318421052631579,
    "xg_per_game": 1.4815789473684209,
    "shots_total": 400.0,
    "shots_on_target": 147.0,
    "shot_accuracy": 36.75,
    "xg_per_shot": 0.12525,
    "shots_per_game": 26.666666666666668,
    "corners_total": 4.8,
    "corners_per_game": 0.32
  },
  "Brighton": {
    "matches": 38,
    "xg_total": 73.3,
    "npxg_total": 68.9,
    "npxg_per_game": 1.8131578947368423,
    "xg_per_game": 1.9289473684210525,
    "shots_total": 607.0,
    "shots_on_target": 219.0,
    "shot_accuracy": 36.07907742998353,
    "xg_per_shot": 0.11350906095551895,
    "shots_per_game": 40.46666666666667,
    "corners_total": 1.7999999999999998,
    "corners_per_game": 0.11999999999999998
  },
  "Chelsea": {
    "matches": 38,
    "xg_total": 49.5,
    "npxg_total": 47.2,
    "npxg_per_game": 1.2421052631578948,
    "xg_per_game": 1.3026315789473684,
    "shots_total": 481.0,
    "shots_on_target": 151.0,
    "shot_accuracy": 31.392931392931395,
    "xg_per_shot": 0.09812889812889813,
    "shots_per_game": 32.06666666666667,
    "corners_total": 1.7999999999999998,
    "corners_per_game": 0.11999999999999998
  },
  "Crystal Palace": {
    "matches": 38,
    "xg_total": 39.3,
    "npxg_total": 36.8,
    "npxg_per_game": 0.9684210526315788,
    "xg_per_game": 1.0342105263157895,
    "shots_total": 423.0,
    "shots_on_target": 133.0,
    "shot_accuracy": 31.44208037825059,
    "xg_per_shot": 0.08699763593380613,
    "shots_per_game": 28.2,
    "corners_total": 3.5999999999999996,
    "corners_per_game": 0.23999999999999996
  },
  "Everton": {
    "matches": 38,
    "xg_total": 45.2,
    "npxg_total": 42.8,
    "npxg_per_game": 1.1263157894736842,
    "xg_per_game": 1.1894736842105265,
    "shots_total": 426.0,
    "shots_on_target": 143.0,
    "shot_accuracy": 33.568075117370896,
    "xg_per_shot": 0.10046948356807511,
    "shots_per_game": 28.4,
    "corners_total": 3.0,
    "corners_per_game": 0.2
  },
  "Fulham": {
    "matches": 38,
    "xg_total": 46.2,
    "npxg_total": 39.1,
    "npxg_per_game": 1.0289473684210526,
    "xg_per_game": 1.2157894736842105,
    "shots_total": 420.0,
    "shots_on_target": 137.0,
    "shot_accuracy": 32.61904761904762,
    "xg_per_shot": 0.09309523809523809,
    "shots_per_game": 28.0,
    "corners_total": 5.3999999999999995,
    "corners_per_game": 0.36
  },
  "Leeds United": {
    "matches": 38,
    "xg_total": 47.3,
    "npxg_total": 44.9,
    "npxg_per_game": 1.181578947368421,
    "xg_per_game": 1.2447368421052631,
    "shots_total": 459.0,
    "shots_on_target": 141.0,
    "shot_accuracy": 30.718954248366014,
    "xg_per_shot": 0.09782135076252722,
    "shots_per_game": 30.6,
    "corners_total": 4.2,
    "corners_per_game": 0.28
  },
  "Leicester": {
    "matches": 38,
    "xg_total": 50.5,
    "npxg_total": 45.7,
    "npxg_per_game": 1.2026315789473685,
    "xg_per_game": 1.3289473684210527,
    "shots_total": 412.0,
    "shots_on_target": 142.0,
    "shot_accuracy": 34.46601941747573,
    "xg_per_shot": 0.11092233009708738,
    "shots_per_game": 27.466666666666665,
    "corners_total": 1.2,
    "corners_per_game": 0.08
  },
  "Liverpool": {
    "matches": 38,
    "xg_total": 71.5,
    "npxg_total": 68.4,
    "npxg_per_game": 1.8,
    "xg_per_game": 1.881578947368421,
    "shots_total": 601.0,
    "shots_on_target": 203.0,
    "shot_accuracy": 33.777038269550744,
    "xg_per_shot": 0.11381031613976707,
    "shots_per_game": 40.06666666666667,
    "corners_total": 5.3999999999999995,
    "corners_per_game": 0.36
  },
  "Man City": {
    "matches": 38,
    "xg_total": 78.6,
    "npxg_total": 71.1,
    "npxg_per_game": 1.8710526315789473,
    "xg_per_game": 2.068421052631579,
    "shots_total": 590.0,
    "shots_on_target": 205.0,
    "shot_accuracy": 34.74576271186441,
    "xg_per_shot": 0.12050847457627117,
    "shots_per_game": 39.333333333333336,
    "corners_total": 4.2,
    "corners_per_game": 0.28
  },
  "Man United": {
    "matches": 38,
    "xg_total": 67.7,
    "npxg_total": 65.3,
    "npxg_per_game": 1.7184210526315788,
    "xg_per_game": 1.7815789473684212,
    "shots_total": 590.0,
    "shots_on_target": 206.0,
    "shot_accuracy": 34.91525423728813,
    "xg_per_shot": 0.1106779661016949,
    "shots_per_game": 39.333333333333336,
    "corners_total": 1.7999999999999998,
    "corners_per_game": 0.11999999999999998
  },
  "Newcastle": {
    "matches": 38,
    "xg_total": 71.9,
    "npxg_total": 67.3,
    "npxg_per_game": 1.7710526315789472,
    "xg_per_game": 1.892105263157895,
    "shots_total": 565.0,
    "shots_on_target": 184.0,
    "shot_accuracy": 32.56637168141593,
    "xg_per_shot": 0.1191150442477876,
    "shots_per_game": 37.666666666666664,
    "corners_total": 3.5999999999999996,
    "corners_per_game": 0.23999999999999996
  },
  "Nott'm Forest": {
    "matches": 38,
    "xg_total": 39.3,
    "npxg_total": 34.6,
    "npxg_per_game": 0.9105263157894737,
    "xg_per_game": 1.0342105263157895,
    "shots_total": 362.0,
    "shots_on_target": 111.0,
    "shot_accuracy": 30.662983425414364,
    "xg_per_shot": 0.09558011049723757,
    "shots_per_game": 24.133333333333333,
    "corners_total": 3.0,
    "corners_per_game": 0.2
  },
  "Southampton": {
    "matches": 38,
    "xg_total": 37.8,
    "npxg_total": 34.6,
    "npxg_per_game": 0.9105263157894737,
    "xg_per_game": 0.994736842105263,
    "shots_total": 413.0,
    "shots_on_target": 132.0,
    "shot_accuracy": 31.961259079903147,
    "xg_per_shot": 0.0837772397094431,
    "shots_per_game": 27.533333333333335,
    "corners_total": 3.0,
    "corners_per_game": 0.2
  },
  "Tottenham": {
    "matches": 38,
    "xg_total": 57.0,
    "npxg_total": 52.3,
    "npxg_per_game": 1.3763157894736842,
    "xg_per_game": 1.5,
    "shots_total": 512.0,
    "shots_on_target": 186.0,
    "shot_accuracy": 36.328125,
    "xg_per_shot": 0.1021484375,
    "shots_per_game": 34.13333333333333,
    "corners_total": 4.2,
    "corners_per_game": 0.28
  },
  "West Ham": {
    "matches": 38,
    "xg_total": 49.2,
    "npxg_total": 43.7,
    "npxg_per_game": 1.1500000000000001,
    "xg_per_game": 1.2947368421052632,
    "shots_total": 466.0,
    "shots_on_target": 133.0,
    "shot_accuracy": 28.54077253218884,
    "xg_per_shot": 0.09377682403433477,
    "shots_per_game": 31.066666666666666,
    "corners_total": 3.5999999999999996,
    "corners_per_game": 0.23999999999999996
  },
  "Wolves": {
    "matches": 38,
    "xg_total": 36.8,
    "npxg_total": 34.5,
    "npxg_per_game": 0.9078947368421053,
    "xg_per_game": 0.9684210526315788,
    "shots_total": 409.0,
    "shots_on_target": 119.0,
    "shot_accuracy": 29.095354523227385,