{
  "Arsenal": {
    "matches": 38,
    "xg_total": 76.1,
    "npxg_total": 68.5,
    "npxg_per_game": 1.8026315789473684,
    "xg_per_game": 2.0026315789473683,
    "shots_total": 647.0,
    "shots_on_target": 209.0,
    "shot_accuracy": 32.30293663060278,
    "xg_per_shot": 0.10587326120556415,
    "shots_per_game": 43.13333333333333,
    "corners_total": 9.6,
    "corners_per_game": 0.64
  },
  "Aston Villa": {
    "matches": 38,
    "xg_total": 63.3,
    "npxg_total": 60.3,
    "npxg_per_game": 1.5868421052631578,
    "xg_per_game": 1.6657894736842105,
    "shots_total": 511.0,
    "shots_on_target": 182.0,
    "shot_accuracy": 35.61643835616438,
    "xg_per_shot": 0.11800391389432485,
    "shots_per_game": 34.06666666666667,
    "corners_total": 4.8,
    "corners_per_game": 0.32
  },
  "Bournemouth": {
    "matches": 38,
    "xg_total": 55.9,
    "npxg_total": 53.6,
    "npxg_per_game": 1.4105263157894736,
    "xg_per_game": 1.4710526315789474,
    "shots_total": 539.0,
    "shots_on_target": 175.0,
    "shot_accuracy": 32.467532467532465,
    "xg_per_shot": 0.09944341372912802,
    "shots_per_game": 35.93333333333333,
    "corners_total": 1.7999999999999998,
    "corners_per_game": 0.11999999999999998
  },
  "Brentford": {
    "matches": 38,
    "xg_total": 58.2,
    "npxg_total": 56.0,
    "npxg_per_game": 1.4736842105263157,
    "xg_per_game": 1.5315789473684212,
    "shots_total": 470.0,
    "shots_on_target": 159.0,
    "shot_accuracy": 33.829787234042556,
    "xg_per_shot": 0.11914893617021277,
    "shots_per_game": 31.333333333333332,
    "corners_total": 4.2,
    "corners_per_game": 0.28
  },
  "Brighton": {
    "matches": 38,
    "xg_total": 56.8,
    "npxg_total": 52.2,
    "npxg_per_game": 1.3736842105263158,
    "xg_per_game": 1.4947368421052631,
    "shots_total": 555.0,
    "shots_on_target": 198.0,
    "shot_accuracy": 35.67567567567568,
    "xg_per_shot": 0.09405405405405406,
    "shots_per_game": 37.0,
    "corners_total": 3.0,
    "corners_per_game": 0.2
  },
  "Burnley": {
    "matches": 38,
    "xg_total": 40.6,
    "npxg_total": 38.3,
    "npxg_per_game": 1.0078947368421052,
    "xg_per_game": 1.068421052631579,
    "shots_total": 430.0,
    "shots_on_target": 137.0,
    "shot_accuracy": 31.86046511627907,
    "xg_per_shot": 0.08906976744186046,
    "shots_per_game": 28.666666666666668,
    "corners_total": 3.5999999999999996,
    "corners_per_game": 0.23999999999999996
  },
  "Chelsea": {
    "matches": 38,
    "xg_total": 74.5,
    "npxg_total": 65.1,
    "npxg_per_game": 1.713157894736842,
    "xg_per_game": 1.9605263157894737,
    "shots_total": 537.0,
    "shots_on_target": 194.0,
    "shot_accuracy": 36.12662942271881,
    "xg_per_shot": 0.12122905027932959,
    "shots_per_game": 35.8,
    "corners_total": 4.2,
    "corners_per_game": 0.28
  },
  "Crystal Palace": {
    "matches": 38,
    "xg_total": 48.6,
    "npxg_total": 45.4,
    "npxg_per_game": 1.194736842105263,
    "xg_per_game": 1.2789473684210526,
    "shots_total": 452.0,
    "shots_on_target": 162.0,
    "shot_accuracy": 35.84070796460177,
    "xg_per_shot": 0.10044247787610619,
    "shots_per_game": 30.133333333333333,
    "corners_total": 2.4,
    "corners_per_game": 0.16
  },
  "Everton": {
    "matches": 38,
    "xg_total": 54.0,
    "npxg_total": 51.6,
    "npxg_per_game": 1.3578947368421053,
    "xg_per_game": 1.4210526315789473,
    "shots_total": 504.0,
    "shots_on_target": 152.0,
    "shot_accuracy": 30.158730158730158,
    "xg_per_shot": 0.10238095238095238,
    "shots_per_game": 33.6,
    "corners_total": 3.0,
    "corners_per_game": 0.2
  },
  "Fulham": {
    "matches": 38,
    "xg_total": 50.8,
    "npxg_total": 49.2,
    "npxg_per_game": 1.2947368421052632,
    "xg_per_game": 1.3368421052631578,
    "shots_total": 499.0,
    "shots_on_target": 175.0,
    "shot_accuracy": 35.07014028056113,
    "xg_per_shot": 0.09859719438877756,
    "shots_per_game": 33.266666666666666,
    "corners_total": 3.5999999999999996,
    "corners_per_game": 0.23999999999999996
  },
  "Liverpool": {
    "matches": 38,
    "xg_total": 87.8,
    "npxg_total": 80.4,
    "npxg_per_game": 2.115789473684211,
    "xg_per_game": 2.3105263157894735,
    "shots_total": 781.0,
    "shots_on_target": 263.0,
    "shot_accuracy": 33.67477592829706,
    "xg_per_shot": 0.10294494238156211,
    "shots_per_game": 52.06666666666667,
    "corners_total": 4.8,
    "corners_per_game": 0.32
  },
  "Luton Town": {
    "matches": 38,
    "xg_total": 42.4,
    "npxg_total": 38.6,
    "npxg_per_game": 1.0157894736842106,
    "xg_per_game": 1.1157894736842104,
    "shots_total": 427.0,
    "shots_on_target": 134.0,
    "shot_accuracy": 31.381733021077284,
    "xg_per_shot": 0.09039812646370024,
    "shots_per_game": 28.466666666666665,
    "corners_total": 4.2,
    "corners_per_game": 0.28
  },
  "Man City": {
    "matches": 38,
    "xg_total": 80.5,
    "npxg_total": 72.9,
    "npxg_per_game": 1.918421052631579,
    "xg_per_game": 2.1184210526315788,
    "shots_total": 683.0,
    "shots_on_target": 264.0,
    "shot_accuracy": 38.65300146412884,
    "xg_per_shot": 0.1067349926793558,
    "shots_per_game": 45.53333333333333,
    "corners_total": 3.0,
    "corners_per_game": 0.2
  },
  "Man United": {
    "matches": 38,
    "xg_total": 56.5,
    "npxg_total": 51.0,
    "npxg_per_game": 1.3421052631578947,
    "xg_per_game": 1.486842105263158,
    "shots_total": 543.0,
    "shots_on_target": 182.0,
    "shot_accuracy": 33.51749539594843,
    "xg_per_shot": 0.09392265193370165,
    "shots_per_game": 36.2,
    "corners_total": 2.4,
    "corners_per_game": 0.16
  },
  "Newcastle": {
    "matches": 38,
    "xg_total": 76.0,
    "npxg_total": 69.0,
    "npxg_per_game": 1.8157894736842106,
    "xg_per_game": 2.0,
    "shots_total": 542.0,
    "shots_on_target": 196.0,
    "shot_accuracy": 36.162361623616235,
    "xg_per_shot": 0.12730627306273062,
    "shots_per_game": 36.13333333333333,
    "corners_total": 4.2,
    "corners_per_game": 0.28
  },
  "Nott'm Forest": {
    "matches": 38,
    "xg_total": 49.9,
    "npxg_total": 49.1,
    "npxg_per_game": 1.2921052631578949,
    "xg_per_game": 1.313157894736842,
    "shots_total": 450.0,
    "shots_on_target": 143.0,
    "shot_accuracy": 31.77777777777778,
    "xg_per_shot": 0.10911111111111112,
    "shots_per_game": 30.0,
    "corners_total": 3.0,
    "corners_per_game": 0.2
  },
  "Sheffield Utd": {
    "matches": 38,
    "xg_total": 38.3,
    "npxg_total": 34.5,
    "npxg_per_game": 0.9078947368421053,
    "xg_per_game": 1.0078947368421052,
    "shots_total": 360.0,
    "shots_on_target": 117.0,
    "shot_accuracy": 32.5,
    "xg_per_shot": 0.09583333333333334,
    "shots_per_game": 24.0,
    "corners_total": 1.2,
    "corners_per_game": 0.08
  },
  "Tottenham": {
    "matches": 38,
    "xg_total": 68.2,
    "npxg_total": 66.7,
    "npxg_per_game": 1.7552631578947369,
    "xg_per_game": 1.7947368421052632,
    "shots_total": 582.0,
    "shots_on_target": 207.0,
    "shot_accuracy": 35.56701030927835,
    "xg_per_shot": 0.11460481099656358,
    "shots_per_game": 38.8,
    "corners_total": 4.2,
    "corners_per_game": 0.28
  },
  "West Ham": {
    "matches": 38,
    "xg_total": 52.3,
    "npxg_total": 48.4,
    "npxg_per_game": 1.2736842105263158,
    "xg_per_game": 1.3763157894736842,
    "shots_total": 445.0,
    "shots_on_target": 146.0,
    "shot_accuracy": 32.80898876404494,
    "xg_per_shot": 0.10876404494382022,
    "shots_per_game": 29.666666666666668,
    "corners_total": 6.6,
    "corners_per_game": 0.44
  },
  "Wolves": {
    "matches": 38,
    "xg_total": 46.7,
    "npxg_total": 43.6,
    "npxg_per_game": 1.1473684210526316,
    "xg_per_game": 1.2289473684210528,
    "shots_total": 425.0,
    "shots_on_target": 153.0,
    "shot_accuracy": 36.0,
    "xg_per_shot": 0.10258823529411765,
    "shots_per_game": 28.333333333333332,
    "corners_total": 4.2,
    "corners_per_game": 0.28
  }
}